PRAGMA foreign_keys=OFF;
BEGIN TRANSACTION;
CREATE TABLE "django_migrations" ("id" integer NOT NULL PRIMARY KEY AUTOINCREMENT, "app" varchar(255) NOT NULL, "name" varchar(255) NOT NULL, "applied" datetime NOT NULL);
INSERT INTO "django_migrations" VALUES(1,'contenttypes','0001_initial','2016-10-04 06:38:47.495000');
INSERT INTO "django_migrations" VALUES(2,'auth','0001_initial','2016-10-04 06:38:47.526000');
INSERT INTO "django_migrations" VALUES(3,'admin','0001_initial','2016-10-04 06:38:47.573000');
INSERT INTO "django_migrations" VALUES(4,'admin','0002_logentry_remove_auto_add','2016-10-04 06:38:47.604000');
INSERT INTO "django_migrations" VALUES(5,'contenttypes','0002_remove_content_type_name','2016-10-04 06:38:47.636000');
INSERT INTO "django_migrations" VALUES(6,'auth','0002_alter_permission_name_max_length','2016-10-04 06:38:47.667000');
INSERT INTO "django_migrations" VALUES(7,'auth','0003_alter_user_email_max_length','2016-10-04 06:38:47.682000');
INSERT INTO "django_migrations" VALUES(8,'auth','0004_alter_user_username_opts','2016-10-04 06:38:47.714000');
INSERT INTO "django_migrations" VALUES(9,'auth','0005_alter_user_last_login_null','2016-10-04 06:38:47.729000');
INSERT INTO "django_migrations" VALUES(10,'auth','0006_require_contenttypes_0002','2016-10-04 06:38:47.745000');
INSERT INTO "django_migrations" VALUES(11,'auth','0007_alter_validators_add_error_messages','2016-10-04 06:38:47.760000');
INSERT INTO "django_migrations" VALUES(12,'auth','0008_alter_user_username_max_length','2016-10-04 06:38:47.792000');
INSERT INTO "django_migrations" VALUES(13,'sessions','0001_initial','2016-10-04 06:38:47.792000');
INSERT INTO "django_migrations" VALUES(14,'randr','0001_initial','2016-10-04 07:08:08.252000');
INSERT INTO "django_migrations" VALUES(15,'randr','0002_auto_20161004_1246','2016-10-04 07:16:54.110000');
INSERT INTO "django_migrations" VALUES(16,'randr','0003_recognition_recognition_by','2016-10-04 07:30:02.179000');
INSERT INTO "django_migrations" VALUES(17,'randr','0004_auto_20161004_1255','2016-10-04 07:30:02.195000');
INSERT INTO "django_migrations" VALUES(18,'randr','0005_auto_20161004_1255','2016-10-04 07:30:02.226000');
INSERT INTO "django_migrations" VALUES(19,'randr','0006_remove_recognition_recognition_by','2016-10-04 07:30:02.242000');
INSERT INTO "django_migrations" VALUES(20,'randr','0007_recognition_recognition_by','2016-10-04 07:30:02.273000');
INSERT INTO "django_migrations" VALUES(21,'randr','0008_auto_20161006_1550','2016-10-06 10:21:09.775000');
CREATE TABLE "auth_group" ("id" integer NOT NULL PRIMARY KEY AUTOINCREMENT, "name" varchar(80) NOT NULL UNIQUE);
CREATE TABLE "auth_group_permissions" ("id" integer NOT NULL PRIMARY KEY AUTOINCREMENT, "group_id" integer NOT NULL REFERENCES "auth_group" ("id"), "permission_id" integer NOT NULL REFERENCES "auth_permission" ("id"));
CREATE TABLE "auth_user_groups" ("id" integer NOT NULL PRIMARY KEY AUTOINCREMENT, "user_id" integer NOT NULL REFERENCES "auth_user" ("id"), "group_id" integer NOT NULL REFERENCES "auth_group" ("id"));
CREATE TABLE "auth_user_user_permissions" ("id" integer NOT NULL PRIMARY KEY AUTOINCREMENT, "user_id" integer NOT NULL REFERENCES "auth_user" ("id"), "permission_id" integer NOT NULL REFERENCES "auth_permission" ("id"));
CREATE TABLE "django_admin_log" ("id" integer NOT NULL PRIMARY KEY AUTOINCREMENT, "object_id" text NULL, "object_repr" varchar(200) NOT NULL, "action_flag" smallint unsigned NOT NULL, "change_message" text NOT NULL, "content_type_id" integer NULL REFERENCES "django_content_type" ("id"), "user_id" integer NOT NULL REFERENCES "auth_user" ("id"), "action_time" datetime NOT NULL);
INSERT INTO "django_admin_log" VALUES(1,'1','Associate object',1,'[{"added": {}}]',8,1,'2016-10-04 07:11:35.013000');
INSERT INTO "django_admin_log" VALUES(2,'2','Associate object',1,'[{"added": {}}]',8,1,'2016-10-04 07:11:43.920000');
INSERT INTO "django_admin_log" VALUES(3,'3','Associate object',1,'[{"added": {}}]',8,1,'2016-10-04 07:12:01.861000');
INSERT INTO "django_admin_log" VALUES(4,'3','Vishwateja',2,'[{"changed": {"fields": ["manager"]}}]',8,1,'2016-10-04 07:18:02.896000');
INSERT INTO "django_admin_log" VALUES(5,'1','Rahul',2,'[{"changed": {"fields": ["manager"]}}]',8,1,'2016-10-04 07:18:09.628000');
INSERT INTO "django_admin_log" VALUES(6,'1','Recognition object',1,'[{"added": {}}]',7,1,'2016-10-04 07:20:22.770000');
INSERT INTO "django_admin_log" VALUES(7,'1','Rahul > Awesome job',1,'[{"added": {}}]',7,1,'2016-10-04 08:39:48.744000');
INSERT INTO "django_admin_log" VALUES(8,'4','Sai Krishna',1,'[{"added": {}}]',8,1,'2016-10-06 10:29:52.501000');
CREATE TABLE "django_content_type" ("id" integer NOT NULL PRIMARY KEY AUTOINCREMENT, "app_label" varchar(100) NOT NULL, "model" varchar(100) NOT NULL);
INSERT INTO "django_content_type" VALUES(1,'admin','logentry');
INSERT INTO "django_content_type" VALUES(2,'auth','permission');
INSERT INTO "django_content_type" VALUES(3,'auth','user');
INSERT INTO "django_content_type" VALUES(4,'auth','group');
INSERT INTO "django_content_type" VALUES(5,'contenttypes','contenttype');
INSERT INTO "django_content_type" VALUES(6,'sessions','session');
INSERT INTO "django_content_type" VALUES(7,'randr','recognition');
INSERT INTO "django_content_type" VALUES(8,'randr','associate');
CREATE TABLE "auth_permission" ("id" integer NOT NULL PRIMARY KEY AUTOINCREMENT, "content_type_id" integer NOT NULL REFERENCES "django_content_type" ("id"), "codename" varchar(100) NOT NULL, "name" varchar(255) NOT NULL);
INSERT INTO "auth_permission" VALUES(1,1,'add_logentry','Can add log entry');
INSERT INTO "auth_permission" VALUES(2,1,'change_logentry','Can change log entry');
INSERT INTO "auth_permission" VALUES(3,1,'delete_logentry','Can delete log entry');
INSERT INTO "auth_permission" VALUES(4,2,'add_permission','Can add permission');
INSERT INTO "auth_permission" VALUES(5,2,'change_permission','Can change permission');
INSERT INTO "auth_permission" VALUES(6,2,'delete_permission','Can delete permission');
INSERT INTO "auth_permission" VALUES(7,3,'add_user','Can add user');
INSERT INTO "auth_permission" VALUES(8,3,'change_user','Can change user');
INSERT INTO "auth_permission" VALUES(9,3,'delete_user','Can delete user');
INSERT INTO "auth_permission" VALUES(10,4,'add_group','Can add group');
INSERT INTO "auth_permission" VALUES(11,4,'change_group','Can change group');
INSERT INTO "auth_permission" VALUES(12,4,'delete_group','Can delete group');
INSERT INTO "auth_permission" VALUES(13,5,'add_contenttype','Can add content type');
INSERT INTO "auth_permission" VALUES(14,5,'change_contenttype','Can change content type');
INSERT INTO "auth_permission" VALUES(15,5,'delete_contenttype','Can delete content type');
INSERT INTO "auth_permission" VALUES(16,6,'add_session','Can add session');
INSERT INTO "auth_permission" VALUES(17,6,'change_session','Can change session');
INSERT INTO "auth_permission" VALUES(18,6,'delete_session','Can delete session');
INSERT INTO "auth_permission" VALUES(19,7,'add_recognition','Can add recognition');
INSERT INTO "auth_permission" VALUES(20,7,'change_recognition','Can change recognition');
INSERT INTO "auth_permission" VALUES(21,7,'delete_recognition','Can delete recognition');
INSERT INTO "auth_permission" VALUES(22,8,'add_associate','Can add associate');
INSERT INTO "auth_permission" VALUES(23,8,'change_associate','Can change associate');
INSERT INTO "auth_permission" VALUES(24,8,'delete_associate','Can delete associate');
CREATE TABLE "auth_user" ("id" integer NOT NULL PRIMARY KEY AUTOINCREMENT, "password" varchar(128) NOT NULL, "last_login" datetime NULL, "is_superuser" bool NOT NULL, "first_name" varchar(30) NOT NULL, "last_name" varchar(30) NOT NULL, "email" varchar(254) NOT NULL, "is_staff" bool NOT NULL, "is_active" bool NOT NULL, "date_joined" datetime NOT NULL, "username" varchar(150) NOT NULL UNIQUE);
INSERT INTO "auth_user" VALUES(1,'pbkdf2_sha256$30000$rh0mPY8rbyyg$Yy+MGLB/B+dUzmqA49q9d6x+rJDMHX1whkk+ZQvjokc=','2016-10-04 07:09:53.600000',1,'','','manish.singh@cdk.com',1,1,'2016-10-04 07:09:25.888000','admin');
CREATE TABLE "django_session" ("session_key" varchar(40) NOT NULL PRIMARY KEY, "session_data" text NOT NULL, "expire_date" datetime NOT NULL);
INSERT INTO "django_session" VALUES('9vpend2e5ow3d2ifcsrme47nloffnj8m','YjhiNGMyODI2ZWVjYzdhN2Q2YWViOTVmMjA3MWEzNWQ2ZjI4ZDU2ODp7Il9hdXRoX3VzZXJfaGFzaCI6IjgyOGNjNWJiMzQyODAyZjY1ODBmODQ2NDJiOWMzNzM5NjgyM2I3ZDEiLCJfYXV0aF91c2VyX2JhY2tlbmQiOiJkamFuZ28uY29udHJpYi5hdXRoLmJhY2tlbmRzLk1vZGVsQmFja2VuZCIsIl9hdXRoX3VzZXJfaWQiOiIxIn0=','2016-10-18 07:09:53.607000');
CREATE TABLE "randr_associate" ("id" integer NOT NULL PRIMARY KEY AUTOINCREMENT, "name" varchar(200) NOT NULL, "email" varchar(200) NOT NULL, "is_manager" bool NOT NULL, "manager_id" integer NULL REFERENCES "randr_associate" ("id"));
INSERT INTO "randr_associate" VALUES(1,'Rahul','rahul@cdk.com',0,2);
INSERT INTO "randr_associate" VALUES(2,'Manish','manish.singh@cdk.com',1,NULL);
INSERT INTO "randr_associate" VALUES(3,'Vishwateja','vishwa@cdk.com',0,2);
INSERT INTO "randr_associate" VALUES(4,'Sai Krishna','sai@cdk.com',0,2);
CREATE TABLE "randr_recognition" ("id" integer NOT NULL PRIMARY KEY AUTOINCREMENT, "annotation_title" varchar(200) NOT NULL, "annotation_desc" text NOT NULL, "associate_id" integer NOT NULL REFERENCES "randr_associate" ("id"), "recognition_by_id" integer NULL REFERENCES "randr_associate" ("id"), "status" varchar(1) NOT NULL);
INSERT INTO "randr_recognition" VALUES(1,'Awesome job','Rahul did a great job.',1,3,'N');
INSERT INTO "randr_recognition" VALUES(2,'dfgh','dfghdfgh',1,NULL,'N');
INSERT INTO "randr_recognition" VALUES(3,'Great job','Vishwa is always great.',3,NULL,'N');
INSERT INTO "randr_recognition" VALUES(4,'afsdaf','asdfasfdasf',1,NULL,'N');
INSERT INTO "randr_recognition" VALUES(5,'asdf','asdfasfdsaf',3,NULL,'N');
INSERT INTO "randr_recognition" VALUES(6,'asdf','asdf',3,NULL,'N');
INSERT INTO "randr_recognition" VALUES(7,'sfd','asdf',3,NULL,'N');
INSERT INTO "randr_recognition" VALUES(8,'asdf','asdf',3,NULL,'N');
INSERT INTO "randr_recognition" VALUES(9,'fasdf','asdf',3,NULL,'N');
INSERT INTO "randr_recognition" VALUES(10,'asdf','asdfasfd',3,NULL,'N');
INSERT INTO "randr_recognition" VALUES(11,'Awdf','sadf',3,NULL,'N');
INSERT INTO "randr_recognition" VALUES(12,'asdf','asdf',4,NULL,'N');
INSERT INTO "randr_recognition" VALUES(13,'adf','asdfasfd',4,NULL,'N');
INSERT INTO "randr_recognition" VALUES(14,'adfasdf','asdfasfd',1,NULL,'N');
INSERT INTO "randr_recognition" VALUES(15,'cZXC','ZXCZC',1,NULL,'N');
INSERT INTO "randr_recognition" VALUES(16,'df','fasdfsadfasfhdfgh',3,NULL,'N');
INSERT INTO "randr_recognition" VALUES(17,'sfdgsfg','sdfgsdfgsd',1,NULL,'N');
INSERT INTO "randr_recognition" VALUES(18,'gvbxcvbxcvb','xcvbxcvbcxbvcb',4,NULL,'N');
DELETE FROM sqlite_sequence;
INSERT INTO "sqlite_sequence" VALUES('django_migrations',21);
INSERT INTO "sqlite_sequence" VALUES('django_admin_log',8);
INSERT INTO "sqlite_sequence" VALUES('django_content_type',8);
INSERT INTO "sqlite_sequence" VALUES('auth_permission',24);
INSERT INTO "sqlite_sequence" VALUES('auth_user',1);
INSERT INTO "sqlite_sequence" VALUES('randr_associate',4);
INSERT INTO "sqlite_sequence" VALUES('randr_recognition',18);
CREATE UNIQUE INDEX "auth_group_permissions_group_id_0cd325b0_uniq" ON "auth_group_permissions" ("group_id", "permission_id");
CREATE INDEX "auth_group_permissions_0e939a4f" ON "auth_group_permissions" ("group_id");
CREATE INDEX "auth_group_permissions_8373b171" ON "auth_group_permissions" ("permission_id");
CREATE UNIQUE INDEX "auth_user_groups_user_id_94350c0c_uniq" ON "auth_user_groups" ("user_id", "group_id");
CREATE INDEX "auth_user_groups_e8701ad4" ON "auth_user_groups" ("user_id");
CREATE INDEX "auth_user_groups_0e939a4f" ON "auth_user_groups" ("group_id");
CREATE UNIQUE INDEX "auth_user_user_permissions_user_id_14a6b632_uniq" ON "auth_user_user_permissions" ("user_id", "permission_id");
CREATE INDEX "auth_user_user_permissions_e8701ad4" ON "auth_user_user_permissions" ("user_id");
CREATE INDEX "auth_user_user_permissions_8373b171" ON "auth_user_user_permissions" ("permission_id");
CREATE INDEX "django_admin_log_417f1b1c" ON "django_admin_log" ("content_type_id");
CREATE INDEX "django_admin_log_e8701ad4" ON "django_admin_log" ("user_id");
CREATE UNIQUE INDEX "django_content_type_app_label_76bd3d3b_uniq" ON "django_content_type" ("app_label", "model");
CREATE UNIQUE INDEX "auth_permission_content_type_id_01ab375a_uniq" ON "auth_permission" ("content_type_id", "codename");
CREATE INDEX "auth_permission_417f1b1c" ON "auth_permission" ("content_type_id");
CREATE INDEX "django_session_de54fa62" ON "django_session" ("expire_date");
CREATE INDEX "randr_associate_8784215c" ON "randr_associate" ("manager_id");
CREATE INDEX "randr_recognition_38ea05c1" ON "randr_recognition" ("associate_id");
CREATE INDEX "randr_recognition_58b3d7ce" ON "randr_recognition" ("recognition_by_id");
COMMIT;
